{"angle": 83.39132407407483, "intensity": 0.9999999992214206, "label": ["footsteps"], "confidence": {"footsteps": 0.7135323286056519, "gunshot": 0.2832900881767273, "gun_handling": 0.32017698884010315, "explosion": 0.19033271074295044, "knife": 0.018295589834451675, "interface": 0.07110495120286942, "background": 0.3783179819583893}}