{"angle": 0.0, "intensity": 0.0, "label": ["footsteps"], "confidence": {"footsteps": 0.7336377501487732, "gunshot": 0.26437491178512573, "gun_handling": 0.31934359669685364, "explosion": 0.1773967146873474, "knife": 0.014897838234901428, "interface": 0.07473226636648178, "background": 0.37978824973106384}}