{"angle": 0.0, "intensity": 0.0, "label": ["footsteps"], "confidence": {"footsteps": 0.5893183350563049, "gunshot": 0.13863766193389893, "gun_handling": 0.23161229491233826, "explosion": 0.06863167881965637, "knife": 0.013499603606760502, "interface": 0.053528621792793274, "background": 0.4001704454421997}}